"","season","team","conference","offense.plays","offense.drives","offense.ppa","offense.totalPPA","offense.successRate","offense.explosiveness","offense.powerSuccess","offense.stuffRate","offense.lineYards","offense.lineYardsTotal","offense.secondLevelYards","offense.secondLevelYardsTotal","offense.openFieldYards","offense.openFieldYardsTotal","offense.totalOpportunies","offense.pointsPerOpportunity","offense.fieldPosition.averageStart","offense.fieldPosition.averagePredictedPoints","offense.havoc.total","offense.havoc.frontSeven","offense.havoc.db","offense.standardDowns.rate","offense.standardDowns.ppa","offense.standardDowns.successRate","offense.standardDowns.explosiveness","offense.passingDowns.rate","offense.passingDowns.ppa","offense.passingDowns.successRate","offense.passingDowns.explosiveness","offense.rushingPlays.rate","offense.rushingPlays.ppa","offense.rushingPlays.totalPPA","offense.rushingPlays.successRate","offense.rushingPlays.explosiveness","offense.passingPlays.rate","offense.passingPlays.ppa","offense.passingPlays.totalPPA","offense.passingPlays.successRate","offense.passingPlays.explosiveness","defense.plays","defense.drives","defense.ppa","defense.totalPPA","defense.successRate","defense.explosiveness","defense.powerSuccess","defense.stuffRate","defense.lineYards","defense.lineYardsTotal","defense.secondLevelYards","defense.secondLevelYardsTotal","defense.openFieldYards","defense.openFieldYardsTotal","defense.totalOpportunies","defense.pointsPerOpportunity","defense.fieldPosition.averageStart","defense.fieldPosition.averagePredictedPoints","defense.havoc.total","defense.havoc.frontSeven","defense.havoc.db","defense.standardDowns.rate","defense.standardDowns.ppa","defense.standardDowns.successRate","defense.standardDowns.explosiveness","defense.passingDowns.rate","defense.passingDowns.ppa","defense.passingDowns.totalPPA","defense.passingDowns.successRate","defense.passingDowns.explosiveness","defense.rushingPlays.rate","defense.rushingPlays.ppa","defense.rushingPlays.totalPPA","defense.rushingPlays.successRate","defense.rushingPlays.explosiveness","defense.passingPlays.rate","defense.passingPlays.ppa","defense.passingPlays.totalPPA","defense.passingPlays.successRate","defense.passingPlays.explosiveness"
"1",2001,"Notre Dame","FBS Independents",624,111,-0.125048851362929,-78.0304832504676,0.342948717948718,0.883027801952788,0.63265306122449,0.224489795918367,2.33112244897959,914,0.841836734693878,330,0.75765306122449,297,86,-0.0813953488372093,66.7,1.688,NA,NA,NA,0.661858974358974,-0.139514829683665,0.406779661016949,0.651115103018736,0.338141025641026,-0.0967339269721036,0.218009478672986,1.73001331110324,0.628205128205128,-0.0953645919171132,-37.3829200315084,0.385204081632653,0.685848790548172,0.328525641025641,-0.127351314751186,-26.1070195239931,0.307317073170732,1.3556314642083,563,117,-0.0483137017429497,-27.2006140812807,0.314387211367673,1.12650307704074,0.466666666666667,0.261290322580645,2.40483870967742,746,0.87741935483871,272,0.619354838709677,192,84,-0.0833333333333333,70.4,-1.392,NA,NA,NA,0.628774422735346,-0.141458229238895,0.344632768361582,0.842002603929867,0.371225577264654,0.109452627125781,15.3880324376214,0.263157894736842,1.75757685375939,0.550621669626998,-0.0903522956531103,-28.0092116524642,0.325806451612903,0.783816681286104,0.410301953818828,0.066614859037322,15.3880324376214,0.329004329004329,1.58191526087255
"2",2002,"Notre Dame","FBS Independents",84,11,-0.141543261050318,-11.8896339282267,0.357142857142857,0.926172359110883,0.384615384615385,0.315789473684211,1.86578947368421,71,0.631578947368421,24,0.0263157894736842,1,9,0,70.3,1.367,NA,NA,NA,0.654761904761905,-0.200040308763617,0.418181818181818,0.736674404503841,0.345238095238095,-0.030600584352681,0.241379310344828,1.54880849567688,0.452380952380952,-0.225316196163859,-8.56201545422663,0.342105263157895,0.85914162253758,0.523809523809524,-0.0515237603362278,-2.26704545479402,0.386363636363636,0.977431157666939,67,12,-0.0268557077454548,-1.79933241894547,0.343283582089552,0.88816615688636,0.5,0.36,1.636,41,0.56,14,0,0,9,0,68.2,-1.592,NA,NA,NA,0.656716417910448,-0.000401697893839586,0.409090909090909,0.702397159750666,0.343283582089552,-0.0774633787659361,4.92567247597359,0.217391304347826,1.55693454657486,0.373134328358209,-0.20719183853219,-5.17979596330474,0.32,0.567363180359992,0.567164179104478,0.129622959894042,4.92567247597359,0.394736842105263,1.05926107770042
"3",2003,"Notre Dame","FBS Independents",658,132,-0.139590034439432,-91.8502426611465,0.276595744680851,1.11851483418533,0.482758620689655,0.327814569536424,1.93377483443709,584,0.811258278145695,245,0.811258278145695,245,97,0,70.3,1.382,NA,NA,NA,0.583586626139818,-0.260679791841699,0.317708333333333,0.872736886728329,0.416413373860182,0.0301123992922112,0.218978102189781,1.61826332734791,0.458966565349544,-0.18840833579412,-56.8993174098242,0.268211920529801,0.937966995422797,0.509118541033435,-0.0625196102813598,-20.9440694442555,0.301492537313433,1.26331062566816,642,135,-0.0628161351455099,-40.3279587634174,0.35202492211838,0.945789780501356,0.666666666666667,0.271386430678466,2.33687315634218,792,0.752212389380531,255,0.628318584070796,213,100,-0.21,63.3,-1.931,NA,NA,NA,0.646417445482866,-0.158214356792845,0.407228915662651,0.668995503984347,0.353582554517134,0.111590305311072,34.2528990143895,0.251101321585903,1.76646053017459,0.52803738317757,-0.139348737986014,-47.2392221772588,0.351032448377581,0.616391543739301,0.429906542056075,0.124104706573875,34.2528990143895,0.38768115942029,1.31212987559187
"4",2004,"Notre Dame","FBS Independents",685,130,-0.0232091027616511,-15.898235391731,0.362043795620438,1.04412018668714,0.543478260869565,0.231607629427793,2.6433242506812,970,0.76566757493188,281,0.604904632152589,222,109,-0.128440366972477,68.6,1.507,0.0408759124087591,0.0262773722627737,0.0145985401459854,0.668613138686131,-0.079935104176064,0.412663755458515,0.770349908042037,0.331386861313869,0.0912424771846095,0.259911894273128,1.92111311319436,0.535766423357664,-0.0617466323463919,-22.6610140711258,0.362397820163488,0.740122225661777,0.432116788321168,0.0919995355846051,27.2318625330431,0.388513513513513,1.39570043726431,687,134,0.00143057777783917,0.982806933375513,0.365356622998544,1.0653593020378,0.485714285714286,0.310469314079422,1.92924187725632,534,0.870036101083033,241,0.472924187725632,131,99,0,72.8,-1.252,0.0611353711790393,0.0480349344978166,0.0131004366812227,0.641921397379913,-0.133988919025824,0.394557823129252,0.807329783356686,0.358078602620087,0.244194797657577,69.8017125666437,0.313008130081301,1.64843899360293,0.403202328966521,-0.164128292099125,-45.4635369114575,0.328519855595668,0.634400670050214,0.553129548762737,0.183688717280641,69.8017125666437,0.421052631578947,1.31046702398075
"5",2005,"Notre Dame","FBS Independents",901,153,0.119138165203094,107.343486847988,0.44284128745838,1.00843720193385,0.716666666666667,0.232346241457859,2.43097949886105,1067,0.958997722095672,421,0.47380410022779,208,92,-0.152173913043478,70.1,1.424,0.0288568257491676,0.0199778024417314,0.00887902330743618,0.691453940066593,-0.0203578585626187,0.470304975922953,0.746899027632532,0.308546059933407,0.431749758030573,0.381294964028777,1.73136819316298,0.487236403995561,-0.0613054049612478,-26.9130727779878,0.414578587699317,0.654374730988561,0.499445061043285,0.304826340595829,137.171853268123,0.455555555555556,1.39602700572603,784,151,0.0965743134389688,75.7142617361515,0.373724489795918,1.15137177504333,0.58974358974359,0.235955056179775,2.62078651685393,933,0.862359550561798,307,1.0252808988764,365,84,0,72.5,-1.249,0.0586734693877551,0.0420918367346939,0.0165816326530612,0.639030612244898,0.000628276104950567,0.429141716566866,0.894792366554014,0.360969387755102,0.266429312394245,85.3855485453716,0.275618374558304,1.85860988818697,0.454081632653061,-0.0132297711444145,-4.70979852741154,0.365168539325843,0.798273624693948,0.530612244897959,0.205253722464836,85.3855485453716,0.362980769230769,1.57972084211451
"6",2006,"Notre Dame","FBS Independents",853,148,0.0927814851969526,79.1426068730005,0.434935521688159,0.930062635503563,0.660714285714286,0.161803713527851,3.13395225464191,1182,1.07957559681698,407,0.710875331564987,268,87,-0.160919540229885,69.8,1.443,0.0293083235638921,0.0211019929660023,0.0082063305978898,0.699882766705744,0.00281931151453497,0.47571189279732,0.737344082299568,0.300117233294256,0.302576085542278,0.33984375,1.55916687814649,0.441969519343494,0.0355872984684476,13.4164115226048,0.427055702917772,0.748536157629391,0.548651817116061,0.143179959547006,67.0082210679986,0.431623931623932,1.11792545599551,784,148,0.0247796288539152,19.4272290214695,0.420918367346939,0.862644313710634,0.608695652173913,0.208037825059102,3.03806146572104,1285,1.14420803782506,484,0.789598108747045,334,75,-0.0933333333333333,71.4,-1.311,0.0561224489795918,0.0420918367346939,0.014030612244898,0.693877551020408,-0.0537268623575668,0.463235294117647,0.688921766302435,0.306122448979592,0.202727675599941,8.49512841407526,0.325,1.42390177456789,0.539540816326531,0.0411503155907624,17.4065834948925,0.432624113475177,0.762039771400958,0.443877551020408,0.0244112885461933,8.49512841407526,0.385057471264368,1.13204349437039
"7",2007,"Notre Dame","FBS Independents",809,166,-0.0768793149046991,-62.1953657579015,0.313967861557478,0.9423425346566,0.58,0.254691689008043,2.28632707774799,853,0.742627345844504,277,0.546916890080429,204,55,-0.127272727272727,69.9,1.421,0.0333745364647713,0.0222496909765142,0.0111248454882571,0.606922126081582,-0.201101584649392,0.366598778004073,0.66010586236258,0.393077873918418,0.114922994669655,0.232704402515723,1.62886416996638,0.4610630407911,-0.109920942843061,-41.0005116804618,0.348525469168901,0.711552199887224,0.531520395550062,-0.0424447066069667,-18.2512238409957,0.274418604651163,1.26946481401594,870,161,0.00231750759328877,2.01623160616123,0.422988505747126,0.782364149436162,0.716417910447761,0.158512720156556,3.15929549902153,1614,1.07632093933464,550,0.702544031311155,359,84,-0.25,64.7,-1.794,0.0505747126436782,0.0379310344827586,0.0126436781609195,0.693103448275862,-0.0549133446887669,0.45771144278607,0.604588808587205,0.306896551724138,0.131569207690965,-11.4821165427318,0.344569288389513,1.31569017198303,0.58735632183908,0.0326237454067823,16.6707339028658,0.442270058708415,0.704857406192851,0.393103448275862,-0.0335734401834262,-11.4821165427318,0.365497076023392,1.05427695157517
"8",2008,"Notre Dame","FBS Independents",860,165,-0.0346006998736253,-29.7566018913178,0.38953488372093,0.909578977755509,0.642857142857143,0.257425742574257,2.56262376237624,1035,0.905940594059406,366,0.554455445544555,224,93,-0.0752688172043011,66.5,1.625,0.0406976744186047,0.0209302325581395,0.0197674418604651,0.673255813953488,-0.100840703575082,0.440414507772021,0.692413284917414,0.326744186046512,0.10188670988845,0.284697508896797,1.60179462367694,0.469767441860465,-0.114922124886897,-46.4285384543062,0.378712871287129,0.653106189238495,0.515116279069767,0.0449543398529631,19.9147725548626,0.381489841986456,1.2309263111626,835,167,0.0194679771547237,16.2557609241943,0.383233532934132,0.876783202423265,0.707317073170732,0.192207792207792,2.88805194805195,1112,1.02077922077922,393,0.898701298701299,346,67,0,69.8,-1.455,0.0562874251497006,0.0395209580838323,0.0167664670658683,0.644311377245509,-0.0466197003710203,0.427509293680297,0.712251038513199,0.355688622754491,0.139182355972401,23.9466806942552,0.303030303030303,1.29725428797121,0.461077844311377,-0.00915765504420347,-3.52569719201834,0.379220779220779,0.689580741328434,0.520958083832335,0.0550498406764487,23.9466806942552,0.36551724137931,1.15759156678953
"9",2009,"Notre Dame","FBS Independents",823,142,0.131562897434195,108.276264588342,0.48359659781288,0.878027564555472,0.65625,0.197802197802198,2.97335164835165,1082,1.12637362637363,410,0.804945054945055,293,83,0,72,1.27,0.0279465370595383,0.0218712029161604,0.00607533414337789,0.718104495747266,0.0833432339451633,0.527918781725888,0.736241255975845,0.281895504252734,0.25439833330496,0.370689655172414,1.3924151026583,0.44228432563791,0.0539340565173192,19.6319965723042,0.464285714285714,0.72829874072077,0.534629404617254,0.221384524857243,97.4091909371871,0.481818181818182,1.09363105755006,753,141,0.100977224313638,76.0358499081696,0.430278884462151,1.00153798681679,0.553571428571429,0.235443037974684,2.94886075949367,1165,1.31645569620253,520,1.26329113924051,499,77,0,70.1,-1.409,0.0597609561752988,0.0438247011952191,0.0159362549800797,0.649402390438247,-0.0174781359857483,0.468302658486708,0.813173262706692,0.350597609561753,0.320388857595456,75.7738313707551,0.359848484848485,1.45559611125059,0.524568393094289,0.00930898292102157,3.67704825380352,0.40506329113924,0.801710889249016,0.456839309428951,0.22027276561266,75.7738313707551,0.436046511627907,1.33093063443457
"10",2010,"Notre Dame","FBS Independents",878,167,0.0269484393032031,23.6607297082123,0.416856492027335,0.900354048102083,0.772727272727273,0.248704663212435,2.6259067357513,1014,1.01036269430052,390,0.880829015544041,340,83,-0.0843373493975904,69,1.503,0.0387243735763098,0.020501138952164,0.0182232346241458,0.643507972665148,-0.0980656404648427,0.453097345132743,0.640934610070035,0.356492027334852,0.252612832494723,0.351437699680511,1.50409383115849,0.439635535307517,-0.0434589914135306,-16.7751706856228,0.393782383419689,0.746635120601967,0.537585421412301,0.0876794680519111,41.384708920502,0.413135593220339,1.102294206986,894,165,0.00636919498632852,5.6940603177777,0.389261744966443,0.847100669377759,0.681818181818182,0.191943127962085,2.87701421800948,1214,0.950236966824645,401,0.611374407582938,258,73,-0.287671232876712,71.7,-1.302,0.0570469798657718,0.0369127516778524,0.0201342281879195,0.682326621923937,-0.0294276756281301,0.442622950819672,0.71032996965289,0.317673378076063,0.0832568396159755,23.987503051451,0.274647887323944,1.32053770688692,0.472035794183445,-0.0207030862163899,-8.73670238331653,0.362559241706161,0.740239272434058,0.506711409395973,0.0529525453674416,23.987503051451,0.388520971302428,1.0857452534739
"11",2011,"Notre Dame","FBS Independents",865,154,0.104625593022366,90.5011379643468,0.482080924855491,0.84875874025985,0.74,0.181122448979592,3.05510204081633,1198,1.30867346938776,513,1.00510204081633,394,84,0,71.2,1.367,0.0404624277456647,0.0208092485549133,0.0196531791907514,0.708670520231214,0.0331306095755799,0.525285481239804,0.692407450782284,0.291329479768786,0.278539977359192,0.376984126984127,1.37870732143644,0.453179190751445,0.0762114329737783,29.8748817257211,0.482142857142857,0.740287300183759,0.535260115606936,0.129727651918372,60.0639028382064,0.470842332613391,0.979154777767006,866,160,0.0345815034832228,29.9475820164709,0.397228637413395,0.90785771005015,0.631578947368421,0.186516853932584,2.94584269662921,1311,0.934831460674157,416,0.635955056179775,283,72,-0.194444444444444,69.8,-1.418,0.0473441108545035,0.0381062355658199,0.0092378752886836,0.675519630484988,-0.0612363180956253,0.432478632478632,0.690759338116785,0.324480369515012,0.234059886485451,37.8109766520286,0.323843416370107,1.5114388979528,0.513856812933025,-0.0123505009671561,-5.49597293038448,0.361797752808989,0.808608879520845,0.469976905311778,0.0929016625356968,37.8109766520286,0.415233415233415,1.09162393112171
"12",2012,"Notre Dame","FBS Independents",881,149,0.117818762095877,103.798329406468,0.473325766174801,0.852958415109114,0.796610169491525,0.190987124463519,3.07489270386266,1433,1.1137339055794,519,0.907725321888412,423,81,-0.0864197530864197,72.7,1.258,0.0295119182746879,0.0204313280363224,0.00908059023836549,0.701475595913734,0.0480530923408751,0.511326860841424,0.688049987576476,0.298524404086266,0.281754822584818,0.384030418250951,1.3689095349142,0.52894438138479,0.0399799680822597,18.630665126333,0.448497854077253,0.660703318763957,0.443813847900114,0.242018656231468,94.6292945865042,0.470588235294118,1.23401247709349,833,149,0.0290581459939946,24.2054356129975,0.405762304921969,0.910253007837554,0.555555555555556,0.192737430167598,2.89441340782123,1036,0.930167597765363,333,0.776536312849162,278,57,-0.12280701754386,72.3,-1.225,0.0588235294117647,0.0396158463385354,0.0192076830732293,0.687875150060024,-0.0703110705914754,0.445026178010471,0.684667158536755,0.312124849939976,0.248052611776588,37.2483379411286,0.319230769230769,1.60331796653278,0.429771908763505,-0.0359806770805052,-12.8810823948209,0.377094972067039,0.726501512257246,0.549819927971189,0.0813282487797568,37.2483379411286,0.406113537117904,1.12768619584772
"13",2013,"Notre Dame","FBS Independents",843,149,0.0738868049221847,62.2865765494017,0.430604982206406,0.993190243157758,0.6875,0.2,2.8747619047619,1207,1.00952380952381,424,0.797619047619048,335,90,-0.155555555555556,71,1.35,0.036773428232503,0.0213523131672598,0.0154211150652432,0.672597864768683,-0.038399020857217,0.45679012345679,0.780193131779766,0.327402135231317,0.304560947012477,0.376811594202899,1.52363497245487,0.498220640569395,-0.0185815517744021,-7.80425174524889,0.411904761904762,0.679899971433714,0.478054567022539,0.183995278692256,74.150097312979,0.421836228287841,1.45273313074448,897,155,0.065841480721132,59.0598082068554,0.448160535117057,0.818173740613836,0.661016949152542,0.177914110429448,3.17014314928425,1550,1.11247443762781,544,0.664621676891616,325,77,-0.272727272727273,70.7,-1.363,0.0512820512820513,0.0367892976588629,0.0144927536231884,0.700111482720178,-0.0239764174305483,0.493630573248408,0.636577676435634,0.299888517279822,0.275527874919107,37.4043293981857,0.342007434944238,1.43007352208386,0.545150501672241,0.0469712040708999,22.9689187906701,0.445807770961145,0.722531001777432,0.434782608695652,0.0959085369184249,37.4043293981857,0.425641025641026,1.04040677904387
"14",2014,"Notre Dame","FBS Independents",949,170,0.195972646525696,185.978041552885,0.454162276080084,1.2797867712917,0.745454545454545,0.178173719376392,2.99977728285078,1347,1.16481069042316,523,1.13140311804009,508,98,3.75510204081633,67.6,1.591,0.0337197049525817,0.0189673340358272,0.0147523709167545,0.67650158061117,0.101490984054827,0.489096573208723,1.03249949212004,0.32349841938883,0.393553191497349,0.381107491856678,1.94344664872676,0.473129610115911,0.129834803684225,58.2958268542169,0.443207126948775,0.938083537401127,0.512118018967334,0.256840371318962,124.824420461016,0.448559670781893,1.66078752406535,936,167,0.183852708238788,172.086134911506,0.446581196581197,1.19458110845222,0.682539682539683,0.217741935483871,2.84012096774194,1409,1.09072580645161,541,1.13508064516129,563,88,3.44318181818182,72.1,-1.215,0.0523504273504274,0.0352564102564103,0.0170940170940171,0.69017094017094,0.105919231662364,0.484520123839009,0.98226956458014,0.30982905982906,0.357456245715925,108.28867511305,0.362068965517241,1.82747171066138,0.52991452991453,0.129398896596987,64.1818527121058,0.435483870967742,0.982526314190604,0.457264957264957,0.253010923161332,108.28867511305,0.44392523364486,1.51312427569215
"15",2015,"Notre Dame","FBS Independents",873,157,0.301028879752684,262.798212024093,0.47651775486827,1.32483604569924,0.653846153846154,0.202643171806167,3.11541850220264,1414,1.42290748898678,646,2.20925110132159,1003,82,4.04878048780488,71.5,1.332,0.0320733104238259,0.0206185567010309,0.011454753722795,0.697594501718213,0.166305987251036,0.499178981937603,1.05454172990669,0.302405498281787,0.611810097682622,0.424242424242424,2.05849204570761,0.520045819014891,0.246860233140012,112.074545845565,0.47136563876652,1.1442195337475,0.462772050400916,0.389997245064026,157.558887005866,0.462871287128713,1.67435313163775,877,162,0.148247715334213,130.013246348105,0.413911060433295,1.2626717710731,0.704918032786885,0.210191082802548,2.77685774946921,1308,1.07006369426752,504,1.66454352441614,784,72,3.56944444444444,72.6,-1.234,0.0478905359179019,0.0376282782212087,0.0102622576966933,0.654503990877993,0.109973053885061,0.479094076655052,1.07673575360994,0.345496009122007,0.22075482976264,73.7085815364589,0.29042904290429,1.84372182564549,0.537058152793615,0.151814379543794,71.5045727651268,0.430997876857749,1.02211670848196,0.446978335233751,0.188032095756273,73.7085815364589,0.377551020408163,1.70747095168403
"16",2016,"Notre Dame","FBS Independents",834,150,0.206063067108569,171.856597968547,0.456834532374101,1.23931671926027,0.779661016949153,0.158415841584158,3.04653465346535,1231,1.09405940594059,442,1.39108910891089,562,72,4.09722222222222,70.3,1.378,0.157074340527578,0.0995203836930456,0.0575539568345324,0.673860911270983,0.118166234957021,0.49644128113879,1.03167256083019,0.326139088729017,0.387673433539342,0.375,1.80728456437784,0.484412470023981,0.210866480253778,85.1900580225263,0.47029702970297,0.97135255026219,0.496402877697842,0.250570989142006,103.73638950479,0.429951690821256,1.64185792267676,846,148,0.169373456264759,143.289943999986,0.436170212765957,1.15414583267325,0.692307692307692,0.1953125,2.6673828125,1366,0.9453125,484,1.12109375,574,78,2.85897435897436,70.8,-1.346,0.16548463356974,0.113475177304965,0.0520094562647754,0.731678486997636,0.110045079839498,0.478190630048465,0.956554727461795,0.268321513002364,0.331154359380339,99.4821455004833,0.3215859030837,1.95533716339369,0.605200945626478,0.0943483163205024,48.3063379560972,0.412109375,0.991116336800871,0.384160756501182,0.306098909232256,99.4821455004833,0.458461538461538,1.48491815200028
"17",2017,"Notre Dame","FBS Independents",921,170,0.256150974574763,235.915047583356,0.425624321389794,1.41820793374471,0.714285714285714,0.173584905660377,3.26528301886792,1731,1.35283018867925,717,2.74339622641509,1454,92,3.84782608695652,69.8,1.438,0.144408251900109,0.0912052117263844,0.0532030401737242,0.659066232356135,0.15688434387844,0.461285008237232,1.1365904364854,0.340933767643865,0.448045384869883,0.356687898089172,2.12225167689297,0.575461454940282,0.363038182650125,192.410236804566,0.467924528301887,1.32556410476568,0.409337676438654,0.114009283911206,42.9815000345248,0.344827586206897,1.74364847155209,955,170,0.0802698874212011,76.657742487247,0.385340314136126,1.20957317108524,0.607843137254902,0.20507399577167,2.79894291754757,1324,1.01902748414376,482,0.964059196617336,456,88,3.02272727272727,68.4,-1.53,0.169633507853403,0.109947643979058,0.0596858638743456,0.647120418848168,0.0288732535080528,0.433656957928803,0.998769980976597,0.352879581151832,0.17452246830644,80.18085023685,0.29673590504451,1.7745257205764,0.495287958115183,0.00583690169138185,2.76085450002361,0.359408033826638,0.950200907357107,0.490052356020942,0.171326603070192,80.18085023685,0.395299145299145,1.55732770159332
"18",2018,"Notre Dame","FBS Independents",964,161,0.217985784123939,210.138295895477,0.445020746887967,1.27886642125683,0.830508474576271,0.243614931237721,2.67838899803536,1363,1.17092337917485,596,1.41650294695481,721,91,3.86813186813187,70.8,1.35,0.150414937759336,0.0902489626556017,0.0601659751037344,0.66701244813278,0.136161292950203,0.486780715396579,1.04959466797633,0.33298755186722,0.38188967142834,0.361370716510903,1.89750485898782,0.528008298755187,0.114308745963686,58.1831516955162,0.406679764243615,1.09981469600576,0.454356846473029,0.350286590805354,153.425526772745,0.468036529680365,1.57288992789645,963,161,0.0791421712737382,76.2139109366099,0.388369678089304,1.1529733869581,0.684210526315789,0.181192660550459,3.00045871559633,1308,1.0802752293578,471,0.956422018348624,417,74,2.83783783783784,71.9,-1.257,0.180685358255452,0.103842159916926,0.0768431983385254,0.66147455867082,0.0309647239814531,0.43956043956044,0.943298121129292,0.33852544132918,0.173280312148541,32.5919794521227,0.288343558282209,1.77753800857583,0.452751817237799,0.10779276768755,46.9976467117719,0.401376146788991,0.992680282226898,0.532710280373832,0.0635321236883483,32.5919794521227,0.360623781676413,1.41010114897247
"19",2019,"Notre Dame","FBS Independents",900,164,0.245591561119217,221.032405007296,0.458888888888889,1.27348250842619,0.626666666666667,0.214442013129103,2.50262582056893,1144,1.18818380743982,543,1.61706783369803,739,91,4.07692307692308,69,1.484,0.195555555555556,0.124444444444444,0.0711111111111111,0.687777777777778,0.143403373806657,0.487883683360259,1.08601273335985,0.312222222222222,0.470696500430515,0.395017793594306,1.78353540995806,0.507777777777778,0.133739168667923,61.1188000812407,0.448577680525164,1.05576885720554,0.473333333333333,0.379609013763536,161.713439863266,0.448356807511737,1.62992405858688,897,166,0.0686861724834974,61.6114967176972,0.392419175027871,1.10542781148933,0.703125,0.214285714285714,2.79411764705882,1330,1.08403361344538,516,1.05042016806723,500,67,3.11940298507463,73.7,-1.153,0.260869565217391,0.1917502787068,0.0691192865105909,0.64659977703456,0.0083882591050824,0.455172413793103,0.927673322662224,0.35340022296544,0.17901043039984,23.9441558960226,0.277602523659306,1.63869127797063,0.530657748049052,0.0870846056384315,41.4522722838934,0.403361344537815,1.02123867493299,0.450390189520624,0.0592677126139174,23.9441558960226,0.353960396039604,1.37634752111419
"20",2020,"Notre Dame","FBS Independents",856,135,0.250051270421757,214.043887481024,0.453271028037383,1.25033990417063,0.854838709677419,0.168067226890756,3.11302521008403,1482,1.24579831932773,593,1.78151260504202,848,83,3.8433734939759,71,1.375,0.130841121495327,0.0969626168224299,0.0338785046728972,0.691588785046729,0.172293428717126,0.501689189189189,1.02373853918139,0.308411214953271,0.42441733969881,0.34469696969697,1.98990699649815,0.55607476635514,0.180715777065353,86.020709883108,0.451680672268908,1.01649054192337,0.44392523364486,0.336903098941885,128.023177597916,0.455263157894737,1.54096194395769,734,139,0.113510529083351,83.3167283471799,0.380108991825613,1.39128755326401,0.710526315789474,0.281733746130031,2.47894736842105,801,1.19504643962848,386,1.41795665634675,458,64,2.828125,74.9,-1.076,0.240463215258856,0.1641689373297,0.0762942779291553,0.623978201634877,-0.00791772365936245,0.427947598253275,1.08317091180575,0.376021798365123,0.315011035446261,69.6076274659337,0.300724637681159,2.11888829694856,0.440054495912807,0.0631950176052734,20.4119906865033,0.374613003095975,1.10931502557805,0.55858310626703,0.169774701136424,69.6076274659337,0.385365853658537,1.60722853965641
"21",2021,"Notre Dame","FBS Independents",898,165,0.261454809723785,234.786419131959,0.434298440979955,1.36609154699163,0.66,0.205314009661836,2.893961352657,1198,1.07487922705314,445,1.42270531400966,589,80,4.325,71.5,1.292,0.175946547884187,0.111358574610245,0.0645879732739421,0.683741648106904,0.182254166023401,0.478827361563518,1.13048130267499,0.316258351893096,0.432684370399968,0.338028169014085,2.08764792021132,0.461024498886414,0.135460368291745,56.0805924727826,0.410628019323671,0.997711311360473,0.538975501113586,0.369226914585076,178.705826659177,0.454545454545455,1.65074900179752,881,170,0.0861514633021244,75.8994391691716,0.391600454029512,1.21640415944736,0.745098039215686,0.19377990430622,2.96244019138756,1238,1.04545454545455,437,1.33971291866029,560,69,2.89855072463768,71.6,-1.289,0.188422247446084,0.132803632236095,0.0556186152099886,0.653802497162316,0.0352573391672254,0.461805555555556,0.948227192994767,0.346197502837684,0.182266268225737,43.7264588977463,0.259016393442623,2.11937976800927,0.474460839954597,0.0811963886003514,33.9400904349469,0.389952153110048,1.03321657379526,0.524404086265607,0.0946460149301867,43.7264588977463,0.393939393939394,1.38046776637754
"22",2022,"Notre Dame","FBS Independents",867,153,0.190224554846131,164.924689051595,0.474048442906574,1.14693253068532,0.716049382716049,0.137524557956778,3.29901768172888,1679,1.11198428290766,566,1.00196463654224,510,93,3.98924731182796,66.6,1.67,0.132641291810842,0.0830449826989619,0.04959630911188,0.735870818915802,0.12630158717903,0.525078369905956,0.967391382117839,0.264129181084198,0.368315617604253,0.331877729257642,1.93833101450249,0.587081891580161,0.146520547836772,74.5789588489171,0.485265225933202,0.861812393494441,0.410611303344867,0.276003658837325,98.2573025460879,0.460674157303371,1.57635127389353,822,156,0.134726371700338,110.745077537678,0.388077858880779,1.32582825332571,0.63265306122449,0.195431472081218,3.01040609137056,1186,1.19289340101523,470,1.28426395939086,506,63,3.92063492063492,74,-1.116,0.172749391727494,0.135036496350365,0.037712895377129,0.673965936739659,0.0447257412827796,0.442238267148014,1.03642797506878,0.326034063260341,0.320772450996335,63.5192279485746,0.276119402985075,2.2839778232304,0.479318734793187,0.159221077662426,62.733104598996,0.428934010152284,1.05701018977901,0.51338199513382,0.150519497508471,63.5192279485746,0.355450236966825,1.62869660492165
"23",2023,"Notre Dame","FBS Independents",310,55,0.463900230592762,143.809071483756,0.535483870967742,1.40081395898213,0.62962962962963,0.177142857142857,3.21485714285714,563,1.38857142857143,243,1.96571428571429,344,30,5.43333333333333,73.3,1.184,0.138709677419355,0.112903225806452,0.0258064516129032,0.748387096774194,0.377020762819092,0.560344827586207,1.23025876610383,0.251612903225806,0.722310955252908,0.461538461538462,2.01670771104266,0.564516129032258,0.245704120919071,42.9982211608374,0.531428571428571,1.03364378550017,0.435483870967742,0.746747039429027,100.810850322919,0.540740740740741,1.86857870054134,307,54,0.0276521872334013,8.48922148065421,0.322475570032573,1.28423352352207,0.785714285714286,0.166666666666667,2.61785714285714,440,0.660714285714286,111,0.636904761904762,107,21,2.71428571428571,69.7,-1.345,0.254071661237785,0.169381107491857,0.0846905537459283,0.661237785016287,-0.106100834970606,0.359605911330049,1.00982128463505,0.338762214983713,0.288727797881609,3.23157274442448,0.25,2.05469865578178,0.547231270358306,0.0310929180204242,5.22361022743126,0.339285714285714,0.92277167289861,0.449511400651466,0.0234171938001774,3.23157274442448,0.304347826086957,1.77478889222534
